Reference_sequence_segment,total_matching,hydrophobicity,isoelectic_point,instability,length,charge
KLKGAD,2,-1.0166666666666668,9.537297862581909,-62.416666666666664,6,0.9978407158437437
KLKGA,1,-0.5200000000000001,10.805379563011229,-59.92,5,1.997394231688739
KLDFKD,2,-1.3666666666666665,6.4473000331781805,-43.43333333333334,6,-0.0017128000012514022
EKLDFK,1,-1.366666666666667,6.492975460831076,-43.43333333333334,6,-0.00038416141044639307
GADGK,1,-1.28,6.3373671672306955,-42.94,5,-0.0018642503042520797
KGADG,1,-1.28,6.3373671672306955,-42.94,5,-0.0018642503042520797
MKLKG,1,-0.5,10.805379563011229,-42.94,5,1.997394231688739
PRGAA,1,-0.5800000000000001,10.550002220086753,-41.040000000000006,5,0.9979809880924972
EMKLKG,1,-1.0,9.53730092663318,-34.11666666666667,6,0.9991693544345488
PLKGAG,5,-0.11666666666666668,9.700002531521022,-34.11666666666667,6,0.9976892655407432
GADGKT,1,-1.1833333333333333,6.3373671672306955,-34.11666666666667,6,-0.0018642503042520797
ATPRGA,1,-0.6000000000000001,10.550002220086753,-32.53333333333334,6,0.9979809880924972
TPRGAA,1,-0.6000000000000001,10.550002220086753,-32.53333333333334,6,0.9979809880924972
DTKEAD,3,-2.2166666666666663,3.8760120566003025,-30.866666666666664,6,-1.9996426434034373
VDLSKV,5,0.6666666666666666,6.3373671672306955,-30.866666666666664,6,-0.0018642503042520797
VDFLSK,1,0.43333333333333335,6.3373671672306955,-29.28333333333333,6,-0.0018642503042520797
DRDVDE,1,-2.3833333333333333,3.699005230795592,-29.28333333333333,6,-2.9989044366966784
FKDRVQ,1,-1.3999999999999997,9.695024739019573,-29.28333333333333,6,0.9981324383954979
SKVTS,1,-0.4,9.700002531521022,-25.96,5,0.9976892655407432
SGKVV,1,0.6600000000000001,9.700002531521022,-25.96,5,0.9976892655407432
KGAII,8,1.3,9.700002531521022,-25.96,5,0.9976892655407432
KDGTG,1,-1.78,6.3373671672306955,-25.96,5,-0.0018642503042520797
KVTSK,1,-1.02,10.805379563011229,-25.96,5,1.997394231688739
LSKVT,1,0.5200000000000001,9.700002531521022,-25.96,5,0.9976892655407432
GYEVH,2,-0.8400000000000001,5.363445803988725,-24.060000000000002,5,-0.9101819011706649
SGYEV,6,-0.36,3.8499827128835022,-24.060000000000002,5,-1.0010909920797557
LVDEG,1,0.12,3.5500735570676625,-22.06,5,-1.9997940937064382
SGDTS,1,-1.24,3.7499873605556786,-22.06,5,-1.001569216452248
VDLSK,1,-0.039999999999999945,6.3373671672306955,-22.06,5,-0.0018642503042520797
DTDAG,1,-1.2600000000000002,3.49188149953261,-22.06,5,-2.001122732297243
GKTKIA,3,-0.4333333333333334,10.805379563011229,-19.96666666666667,6,1.997394231688739
LSKVTS,3,0.3000000000000001,9.700002531521022,-19.96666666666667,6,0.9976892655407432
KDGTGS,2,-1.616666666666667,6.3373671672306955,-19.96666666666667,6,-0.0018642503042520797
DLSKVT,2,-0.15000000000000002,6.3373671672306955,-19.96666666666667,6,-0.0018642503042520797
SKVTSK,1,-0.9833333333333334,10.805379563011229,-19.96666666666667,6,1.997394231688739
SKDGTG,6,-1.6166666666666665,6.3373671672306955,-19.96666666666667,6,-0.0018642503042520797
DGTGSD,1,-1.55,3.49188149953261,-19.96666666666667,6,-2.001122732297243
HAGTYG,1,-0.7000000000000001,7.542349207215011,-19.96666666666667,6,0.08804297608352529
KGAIIG,1,1.0166666666666666,9.700002531521022,-19.96666666666667,6,0.9976892655407432
AGTYGL,2,0.4666666666666666,6.093198032584041,-19.96666666666667,6,-0.0028661148255656466
SGKVVQ,3,-0.033333333333333215,9.700002531521022,-19.96666666666667,6,0.9976892655407432
KEMKLK,1,-1.5833333333333333,10.506918999366462,-19.96666666666667,6,1.9988743205825446
PDLKNVK,1,-1.1999999999999997,9.537297862581909,-18.442857142857143,7,0.9978407158437437
PDLKNVKSKI,1,-0.86,10.50691890809685,-18.4,10,1.9975456819917394
PDLKNV,4,-0.7499999999999999,6.3373671672306955,-18.383333333333336,6,-0.0018642503042520797
YGLGDR,2,-1.05,6.3318953779526055,-18.383333333333336,6,-0.0024229419708108324
PLVDEG,2,-0.1666666666666666,3.5500735570676625,-16.716666666666665,6,-1.9997940937064382
VSGDTS,6,-0.33333333333333326,3.7499873605556786,-16.716666666666665,6,-1.001569216452248
DTDAGL,1,-0.4166666666666668,3.49188149953261,-16.716666666666665,6,-2.001122732297243
EGDTDA,1,-1.633333333333333,3.3800301984883845,-16.716666666666665,6,-2.9993476095514335
VVSGDT,3,0.5,3.7499873605556786,-16.716666666666665,6,-1.001569216452248
LKNVKSKI,1,-0.43749999999999994,11.103070736862719,-16.075,8,2.997099197836735
PDLKNVKSKIG,1,-0.8181818181818182,10.50691890809685,-15.818181818181818,11,1.9975456819917394
GKTKIAT,2,-0.47142857142857153,10.805379563011229,-15.685714285714287,7,1.997394231688739
PDLKNVKS,1,-1.15,9.537297862581909,-14.8875,8,0.9978407158437437
LKNVK,1,-0.6599999999999999,10.805379563011229,-14.74,5,1.997394231688739
PDLKNVKSKIGS,1,-0.8166666666666668,10.50691890809685,-13.666666666666666,12,1.9975456819917394
KGAGGK,2,-1.2,10.805379563011229,-13.550000000000002,6,1.997394231688739
LKGAGG,2,0.0833333333333333,9.700002531521022,-13.549999999999997,6,0.9976892655407432
LKNVKSKIG,1,-0.4333333333333333,11.103070736862719,-13.177777777777777,9,2.997099197836735
DLKNVKSKI,1,-0.7777777777777778,10.50691890809685,-13.177777777777777,9,1.9975456819917394
APRGKP,4,-1.7,11.651775666512549,-12.999999999999998,6,1.9976859542404928
QVEVK,1,-0.4999999999999999,6.408795645926148,-12.84,5,-0.0005356117134470706
PDLKNVKSK,1,-1.4555555555555555,10.50691890809685,-12.122222222222222,9,1.9975456819917394
PDLKNVKSKIGST,1,-0.8076923076923077,10.50691890809685,-11.846153846153847,13,1.9975456819917394
LKNVKSKIGS,1,-0.4699999999999999,11.103070736862719,-10.86,10,2.997099197836735
DLKNVKSKIG,1,-0.74,10.50691890809685,-10.86,10,1.9975456819917394
DLKNVK,1,-1.133333333333333,9.537297862581909,-10.616666666666667,6,0.9978407158437437
NVKSKI,1,-0.5666666666666668,10.805379563011229,-10.616666666666667,6,1.997394231688739
LKNVKS,1,-0.6833333333333332,10.805379563011229,-10.616666666666667,6,1.997394231688739
VKSKIG,4,-0.04999999999999991,10.805379563011229,-10.616666666666667,6,1.997394231688739
QVEVKS,1,-0.5499999999999999,6.408795645926148,-9.033333333333333,6,-0.0005356117134470706
GQVEVK,1,-0.4833333333333332,6.408795645926148,-9.033333333333333,6,-0.0005356117134470706
ELLKH,3,-0.6000000000000001,7.549726882018149,-8.98,5,0.09037347919564387
LSKVS,2,0.5,9.700002531521022,-8.98,5,0.9976892655407432
KKLDL,1,-0.74,9.537297862581909,-8.98,5,0.9978407158437437
KTKIA,2,-0.44000000000000006,10.805379563011229,-8.98,5,1.997394231688739
QLKAR,1,-1.26,11.651775666512549,-8.98,5,1.9976859542404928
KVAVV,1,2.1,9.700002531521022,-8.98,5,0.9976892655407432
KGQAN,3,-1.9,9.700002531521022,-8.98,5,0.9976892655407432
KEADL,1,-1.0600000000000003,4.184407519642264,-8.98,5,-1.0000891275584423
GSLGN,1,-0.26000000000000006,6.099999998230487,-8.98,5,-0.0020157006072527572
HAGTY,1,-0.76,7.542349207215011,-8.98,5,0.08804297608352529
DGKTK,1,-2.48,9.537297862581909,-8.98,5,0.9978407158437437
AKTLK,1,-0.58,10.805379563011229,-8.98,5,1.997394231688739
SDDKK,2,-3.12,6.4473000331781805,-8.98,5,-0.0017128000012514022
EGTTA,1,-0.7,3.849983240943402,-8.98,5,-1.000240577861443
GTPGS,1,-0.78,6.099999998230487,-8.98,5,-0.0020157006072527572
QKLVF,7,0.6799999999999999,9.700002531521022,-8.98,5,0.9976892655407432
HQKLV,11,-0.5199999999999999,9.702001779340208,-8.98,5,1.088598356449834
KSKIG,1,-0.9,10.805379563011229,-8.98,5,1.997394231688739
KKVAV,1,0.4800000000000001,10.805379563011229,-8.98,5,1.997394231688739
DAGLK,1,-0.44000000000000006,6.3373671672306955,-8.98,5,-0.0018642503042520797
GAIIG,23,2.0,6.099999998230487,-8.98,5,-0.0020157006072527572
DHAGT,1,-1.2000000000000002,5.292257586028427,-8.98,5,-0.910660125543157
DVGSN,12,-0.8,3.7499873605556786,-8.98,5,-1.001569216452248
TGSDD,1,-1.78,3.49188149953261,-8.98,5,-2.001122732297243
PGTPG,3,-0.9400000000000002,6.099999998230487,-8.98,5,-0.0020157006072527572
PKKVA,1,-0.68,10.805379563011229,-8.98,5,1.997394231688739
GLMVG,10,1.8199999999999998,6.099999998230487,-8.98,5,-0.0020157006072527572
EAGIG,1,0.4,3.849983240943402,-8.98,5,-1.000240577861443
KLVFF,11,1.94,9.700002531521022,-8.98,5,0.9976892655407432
LKHQL,1,-0.6000000000000002,9.702001779340208,-8.98,5,1.088598356449834
LLKHQ,1,-0.6000000000000001,9.702001779340208,-8.98,5,1.088598356449834
HHQKL,2,-2.0,9.703982825390995,-8.98,5,1.1795074473589249
DLKNVKSKIGS,1,-0.7454545454545456,10.50691890809685,-8.963636363636363,11,1.9975456819917394
LKNVKSKIGST,1,-0.49090909090909085,11.103070736862719,-8.963636363636363,11,2.997099197836735
AKTDHG,1,-1.6500000000000001,7.549350681714714,-8.949999999999998,6,0.08904484060483875
KNVKSKI,1,-1.0428571428571427,11.103070736862719,-7.671428571428572,7,2.997099197836735
LKNVKSK,1,-1.1428571428571428,11.103070736862719,-7.671428571428572,7,2.997099197836735
VKSKIGS,2,-0.15714285714285708,10.805379563011229,-7.671428571428572,7,1.997394231688739
NVKSKIG,1,-0.5428571428571429,10.805379563011229,-7.671428571428572,7,1.997394231688739
DLKNVKS,1,-1.0857142857142856,9.537297862581909,-7.671428571428572,7,0.9978407158437437
DLKNVKSKIGST,1,-0.7416666666666667,10.50691890809685,-7.383333333333333,12,1.9975456819917394
DRKDQ,1,-3.78,6.448645731899887,-7.08,5,-0.0014210774494972656
DFLSK,1,-0.32,6.3373671672306955,-7.08,5,-0.0018642503042520797
GQVEV,1,0.2000000000000001,3.849983240943402,-7.08,5,-1.000240577861443
YEVHH,1,-1.4,6.497538426425308,-7.08,5,-0.819272810261574
EHLGR,1,-1.56,7.5513127176091075,-7.08,5,0.09066520174739812
DAGLKE,4,-0.9500000000000001,4.184407519642264,-5.816666666666667,6,-1.0000891275584423
ADEVSA,2,0.0,3.5500735570676625,-5.816666666666667,6,-1.9997940937064382
KSKIGS,3,-0.8833333333333333,10.805379563011229,-5.816666666666667,6,1.997394231688739
TDAGLK,1,-0.4833333333333334,6.3373671672306955,-5.816666666666667,6,-0.0018642503042520797
LLKHQL,2,0.13333333333333322,9.702001779340208,-5.816666666666667,6,1.088598356449834
LADEVS,3,0.3333333333333333,3.5500735570676625,-5.816666666666667,6,-1.9997940937064382
KVAVVR,1,1.0,11.651775666512549,-5.816666666666667,6,1.9976859542404928
EGTTAE,2,-1.1666666666666667,3.613691325765103,-5.816666666666667,6,-1.9984654551156331
SKIGST,2,-0.3500000000000001,9.700002531521022,-5.816666666666667,6,0.9976892655407432
LSKVST,1,0.3,9.700002531521022,-5.816666666666667,6,0.9976892655407432
DHAGTY,1,-1.2166666666666668,5.292197432834655,-5.816666666666667,6,-0.9115105397614699
KLDLSN,2,-0.6833333333333335,6.3373671672306955,-5.816666666666667,6,-0.0018642503042520797
SKIGSL,3,0.3999999999999999,9.700002531521022,-5.816666666666667,6,0.9976892655407432
LKARMV,1,0.55,11.651775666512549,-5.816666666666667,6,1.9976859542404928
TKEADL,2,-1.0000000000000002,4.184407519642264,-5.816666666666667,6,-1.0000891275584423
DKKAKT,1,-2.35,10.50691890809685,-5.816666666666667,6,1.9975456819917394
KKLDLS,5,-0.75,9.537297862581909,-5.816666666666667,6,0.9978407158437437
AKTLKN,1,-1.0666666666666667,10.805379563011229,-5.816666666666667,6,1.997394231688739
ELLKHQ,2,-1.0833333333333333,7.549726882018149,-5.816666666666667,6,0.09037347919564387
LATLAD,3,1.1666666666666667,3.7499873605556786,-5.816666666666667,6,-1.001569216452248
GQKGQA,1,-1.6499999999999997,9.700002531521022,-5.816666666666667,6,0.9976892655407432
LKHQLL,1,0.13333333333333316,9.702001779340208,-5.816666666666667,6,1.088598356449834
ATLADE,1,-0.04999999999999997,3.5500735570676625,-5.816666666666667,6,-1.9997940937064382
TKIATP,1,-0.09999999999999994,9.700002531521022,-5.816666666666667,6,0.9976892655407432
VTSKCG,1,0.15000000000000005,8.545189979486167,-5.816666666666667,6,0.9357145496153849
GRAKGQ,1,-1.8166666666666667,11.651775666512549,-5.816666666666667,6,1.9976859542404928
KVQIIN,1,0.38333333333333347,9.700002531521022,-5.816666666666667,6,0.9976892655407432
FLSKVS,4,0.8833333333333333,9.700002531521022,-5.816666666666667,6,0.9976892655407432
KKVAVV,5,1.1,10.805379563011229,-5.816666666666667,6,1.997394231688739
IGLMVG,1,2.2666666666666666,6.099999998230487,-5.816666666666667,6,-0.0020157006072527572
KTKIAT,2,-0.4833333333333334,10.805379563011229,-5.816666666666667,6,1.997394231688739
PGTPGS,15,-0.9166666666666669,6.099999998230487,-5.816666666666667,6,-0.0020157006072527572
DDKKAK,3,-2.8166666666666664,9.441542896442115,-5.816666666666667,6,0.9979921661467444
SAKTLK,3,-0.6166666666666666,10.805379563011229,-5.816666666666667,6,1.997394231688739
GSVQIV,1,1.3666666666666665,6.099999998230487,-5.816666666666667,6,-0.0020157006072527572
TLADEV,3,0.3499999999999999,3.5500735570676625,-5.816666666666667,6,-1.9997940937064382
TGSIDM,1,0.1666666666666666,3.7499873605556786,-5.816666666666667,6,-1.001569216452248
GSDDKK,2,-2.6666666666666665,6.4473000331781805,-5.816666666666667,6,-0.0017128000012514022
STGSID,3,-0.2833333333333334,3.7499873605556786,-5.816666666666667,6,-1.001569216452248
KSKDGT,1,-2.1999999999999997,9.537297862581909,-5.816666666666667,6,0.9978407158437437
VKSKIGST,1,-0.2250000000000001,10.805379563011229,-5.4625,8,1.997394231688739
NVKSKIGS,1,-0.575,10.805379563011229,-5.4625,8,1.997394231688739
KNVKSKIG,1,-0.9625,11.103070736862719,-5.4625,8,2.997099197836735
DLKNVKSK,1,-1.4375,10.50691890809685,-5.4625,8,1.9975456819917394
HGAEIV,1,0.5666666666666668,5.363507221918553,-5.149999999999997,6,-0.909331486952352
GLGDRK,3,-1.4833333333333334,9.695024739019573,-4.233333333333333,6,0.9981324383954979
EGPREA,4,-1.95,4.258147492539138,-4.233333333333333,6,-0.9984687664158831
GPREAT,1,-1.4833333333333332,6.410149741452187,-4.233333333333333,6,-0.00024388916169293395
NVKSKIGST,1,-0.5888888888888889,10.805379563011229,-3.744444444444445,9,1.997394231688739
KNVKSKIGS,1,-0.9444444444444444,11.103070736862719,-3.744444444444445,9,2.997099197836735
TDAGLKE,1,-0.9142857142857144,4.184407519642264,-3.5571428571428574,7,-1.0000891275584423
KSKIGST,1,-0.8571428571428571,10.805379563011229,-3.5571428571428574,7,1.997394231688739
LATLADE,1,0.5,3.5500735570676625,-3.5571428571428574,7,-1.9997940937064382
VTSKCGS,1,0.014285714285714315,8.545189979486167,-3.5571428571428574,7,0.9357145496153849
TLADEVS,1,0.18571428571428567,3.5500735570676625,-3.5571428571428574,7,-1.9997940937064382
KNVKSKIGST,1,-0.9199999999999999,11.103070736862719,-2.37,10,2.997099197836735
VTSKCGSL,1,0.48749999999999993,8.545189979486167,-1.8625000000000003,8,0.9357145496153849
GAGGK,2,-0.6599999999999999,9.700002531521022,-1.2800000000000011,5,0.9976892655407432
PRGAAP,3,-0.75,10.550002220086753,-0.43333333333333596,6,0.9979809880924972
RGKPVS,2,-1.1666666666666667,11.651775666512549,-0.43333333333333,6,1.9976859542404928
TPRGAAP,1,-0.742857142857143,10.550002220086753,1.057142857142855,7,0.9979809880924972
IVYKPV,2,1.0166666666666666,9.298300650902092,1.1500000000000021,6,0.9968388513224302
VDEDR,1,-2.16,3.8760121087543666,1.3800000000000043,5,-1.9993509208516835
GEDTK,1,-2.4,4.184407519642264,1.380000000000006,5,-1.0000891275584425
ATRIP,1,-0.1,10.550002220086753,2.24,5,0.9979809880924972
PVDLSKV,4,0.34285714285714286,6.3373671672306955,2.4857142857142884,7,-0.0018642503042520797
PVDFLS,1,0.8166666666666665,3.7499873605556786,2.81666666666667,6,-1.001569216452248
KPVDLS,2,-0.3,6.3373671672306955,2.8166666666666718,6,-0.0018642503042520797
SLGEDT,2,-0.8500000000000001,3.5500735570676625,2.8166666666666718,6,-1.9997940937064382
LGEDTK,2,-1.3666666666666665,4.184407519642264,2.8166666666666718,6,-1.0000891275584425
EATSIP,1,-0.050000000000000044,3.849983240943402,3.5333333333333337,6,-1.000240577861443
KNVKSK,1,-1.9666666666666666,11.103070736862719,3.5333333333333337,6,2.997099197836735
PVDFLSK,1,0.1428571428571428,6.3373671672306955,3.8428571428571456,7,-0.0018642503042520797
FRENA,1,-1.38,6.410149741452187,8.0,5,-0.00024388916169293395
KKAKT,1,-2.12,11.103070736862719,8.0,5,2.997099197836735
VAVVR,1,1.9799999999999998,10.550002220086753,8.0,5,0.9979809880924972
GVVIA,21,2.8600000000000003,6.099999998230487,8.0,5,-0.0020157006072527572
LVFFA,20,3.0800000000000005,6.099999998230487,8.0,5,-0.0020157006072527572
IIGLM,5,2.86,6.099999998230487,8.0,5,-0.0020157006072527572
DAEFR,6,-1.3800000000000001,4.184407676104456,8.0,5,-0.9997974050066882
EVHHQ,4,-1.8399999999999999,6.497749819885939,8.0,5,-0.8184223960432611
EAAGH,2,-0.7,5.363507221918553,8.0,5,-0.909331486952352
VHHQK,4,-1.92,9.703982825390995,8.0,5,1.1795074473589249
VFFAE,10,1.6200000000000003,3.849983240943402,8.0,5,-1.000240577861443
IGLMV,6,2.8,6.099999998230487,8.0,5,-0.0020157006072527572
KCGSL,1,0.24000000000000005,8.545189979486167,8.0,5,0.9357145496153849
AIIGL,28,2.84,6.099999998230487,8.0,5,-0.0020157006072527572
LGRAA,1,0.5,10.550002220086753,8.0,5,0.9979809880924972
AREAT,1,-1.02,6.410149741452187,8.0,5,-0.00024388916169293395
ETSDA,1,-1.34,3.5500735570676625,8.0,5,-1.9997940937064382
TSDAK,1,-1.42,6.3373671672306955,8.0,5,-0.0018642503042520797
SDPLI,1,0.47999999999999987,3.7499873605556786,8.0,5,-1.001569216452248
LSNVS,3,0.5800000000000001,6.099999998230487,8.0,5,-0.0020157006072527572
LATLA,2,2.1,6.099999998230487,8.0,5,-0.0020157006072527572
PTPGS,1,-1.02,6.099999998230487,8.0,5,-0.0020157006072527572
VVSGD,2,0.74,3.7499873605556786,8.0,5,-1.001569216452248
DLSNV,1,0.040000000000000036,3.7499873605556786,8.0,5,-1.001569216452248
SASLA,2,1.16,6.099999998230487,8.0,5,-0.0020157006072527572
TAARE,4,-1.02,6.410149741452187,8.0,5,-0.00024388916169293395
LLGDL,3,1.4999999999999998,3.7499873605556786,8.0,5,-1.001569216452248
CGSLG,1,0.9399999999999998,5.922539790626615,8.0,5,-0.06399041653261084
AAREA,4,-0.5200000000000001,6.410149741452187,8.0,5,-0.00024388916169293395
AKEMK,1,-1.52,9.53730092663318,8.0,5,0.9991693544345488
LDLSN,2,-0.040000000000000036,3.7499873605556786,8.0,5,-1.001569216452248
KKAKTS,1,-1.9000000000000001,11.103070736862719,8.333333333333334,6,2.997099197836735
SKSKDG,1,-2.216666666666667,9.537297862581909,8.333333333333334,6,0.9978407158437437
EAAGHV,1,0.1166666666666667,5.363507221918553,8.333333333333334,6,-0.909331486952352
KHQLLG,1,-0.5666666666666667,9.702001779340208,8.333333333333334,6,1.088598356449834
ANATRI,1,-0.09999999999999994,10.550002220086753,8.333333333333334,6,0.9979809880924972
KAKTST,1,-1.3666666666666665,10.805379563011229,8.333333333333334,6,1.997394231688739
QANATR,1,-1.4333333333333336,10.550002220086753,8.333333333333334,6,0.9979809880924972
GSIDMV,1,0.9833333333333334,3.7499873605556786,8.333333333333334,6,-1.001569216452248
SASLAK,2,0.31666666666666665,9.700002531521022,8.333333333333334,6,0.9976892655407432
DLSNVQ,1,-0.5499999999999999,3.7499873605556786,8.333333333333334,6,-1.001569216452248
RENAKA,1,-1.9666666666666666,9.695027685724199,8.333333333333334,6,0.9994610769863028
ITPNVQ,1,-0.10000000000000002,6.099999998230487,8.333333333333334,6,-0.0020157006072527572
QTAARE,2,-1.4333333333333336,6.410149741452187,8.333333333333334,6,-0.00024388916169293395
HLGRAA,3,-0.11666666666666681,10.551758703775704,8.333333333333334,6,1.0888900790015879
LVFFAE,3,1.9833333333333336,3.849983240943402,8.333333333333334,6,-1.000240577861443
CGSKDN,1,-1.5999999999999999,6.160569088067859,8.333333333333334,6,-0.06383896622961016
KCGSKD,1,-1.6666666666666667,8.540492971427739,8.333333333333334,6,0.9358659999183858
AIIGLM,1,2.683333333333333,6.099999998230487,8.333333333333334,6,-0.0020157006072527572
SKCGSK,2,-1.2166666666666668,9.676237541250885,8.333333333333334,6,1.9354195157633811
PGLSHQ,1,-0.9500000000000001,7.550323993898928,8.333333333333334,6,0.08889339030183807
VSASLA,4,1.6666666666666667,6.099999998230487,8.333333333333334,6,-0.0020157006072527572
REATSI,1,-0.5333333333333333,6.410149741452187,8.333333333333334,6,-0.00024388916169293395
LDLSNV,4,0.6666666666666666,3.7499873605556786,8.333333333333334,6,-1.001569216452248
GLSHQL,1,-0.05000000000000012,7.550323993898928,8.333333333333334,6,0.08889339030183807
ETSDAK,1,-1.7666666666666666,4.184407519642264,8.333333333333334,6,-1.0000891275584425
QLATLA,4,1.1666666666666665,6.099999998230487,8.333333333333334,6,-0.0020157006072527572
TSKCGS,1,-0.6833333333333335,8.545189979486167,8.333333333333334,6,0.9357145496153849
HQLLGD,2,-0.5000000000000001,5.292257586028427,8.333333333333334,6,-0.910660125543157
KSTPTA,3,-0.9833333333333334,9.700002531521022,8.333333333333334,6,0.9976892655407432
AKSTPT,2,-0.9833333333333333,9.700002531521022,8.333333333333334,6,0.9976892655407432
AREATS,1,-0.9833333333333334,6.410149741452187,8.333333333333334,6,-0.00024388916169293395
TAAREA,8,-0.5499999999999999,6.410149741452187,8.333333333333334,6,-0.00024388916169293395
LLGDLH,2,0.7166666666666665,5.292257586028427,8.333333333333334,6,-0.910660125543157
EVSASL,5,0.7833333333333333,3.849983240943402,8.333333333333334,6,-1.000240577861443
KARMVS,1,-0.21666666666666654,11.651775666512549,8.333333333333334,6,1.9976859542404928
QLLGDL,5,0.6666666666666666,3.7499873605556786,8.333333333333334,6,-1.001569216452248
SKCGSL,1,0.06666666666666658,8.545189979486167,8.333333333333334,6,0.9357145496153849
SDPLIQ,2,-0.18333333333333343,3.7499873605556786,8.333333333333334,6,-1.001569216452248
HLSNVS,1,-0.05000000000000001,7.550323993898928,8.333333333333334,6,0.08889339030183807
VSKSKD,4,-1.45,9.537297862581909,8.333333333333334,6,0.9978407158437437
DEVSAS,2,-0.4333333333333333,3.5500735570676625,8.333333333333334,6,-1.9997940937064382
ENAKAK,1,-1.8666666666666665,9.53730092663318,8.333333333333334,6,0.9991693544345488
AAREAT,1,-0.5500000000000002,6.410149741452187,8.333333333333334,6,-0.00024388916169293395
LGRAAF,3,0.8833333333333333,10.550002220086753,8.333333333333334,6,0.9979809880924972
KCGSKDN,1,-1.9285714285714286,8.540492971427739,8.571428571428571,7,0.9358659999183858
SKCGSKD,1,-1.542857142857143,8.540492971427739,8.571428571428571,7,0.9358659999183858
QANATRI,1,-0.585714285714286,10.550002220086753,8.571428571428571,7,0.9979809880924972
DEVSASL,1,0.17142857142857146,3.5500735570676625,8.571428571428571,7,-1.9997940937064382
TSKCGSL,1,-0.04285714285714296,8.545189979486167,8.571428571428571,7,0.9357145496153849
SKCGSKDN,1,-1.7874999999999999,8.540492971427739,8.75,8,0.9358659999183858
SGTGPE,2,-1.2333333333333334,3.849983240943402,8.999999999999998,6,-1.000240577861443
DHGAEI,1,-0.7166666666666668,4.181153034325689,9.000000000000004,6,-1.9088850027973472
TGSSGA,8,-0.21666666666666667,6.099999998230487,12.133333333333335,6,-0.0020157006072527572
EGAPGK,5,-1.3333333333333333,6.408795645926148,12.133333333333335,6,-0.0005356117134470706
GKVVQE,1,-0.4833333333333332,6.408795645926148,12.133333333333335,6,-0.0005356117134470706
GPPLKG,7,-0.6833333333333335,9.700002531521022,12.133333333333335,6,0.9976892655407432
ESGKVV,2,-0.033333333333333215,6.408795645926148,12.133333333333335,6,-0.0005356117134470706
PSGTGP,2,-0.9166666666666666,6.099999998230487,12.133333333333335,6,-0.0020157006072527572
ARGPSLGE,1,-0.7,6.410149741452187,12.787500000000005,8,-0.00024388916169293395
RGPSLGE,1,-1.0571428571428572,6.410149741452187,13.185714285714287,7,-0.00024388916169293395
EIVYKS,2,-0.13333333333333328,6.40200117090717,13.716666666666669,6,-0.00138602593175996
GAPGEG,3,-0.7500000000000001,3.849983240943402,13.716666666666669,6,-1.000240577861443
HDSGYE,1,-2.1166666666666667,4.181152219418436,13.716666666666669,6,-1.9097354170156602
PGAPGE,12,-0.9500000000000001,3.849983240943402,13.716666666666669,6,-1.000240577861443
AAAPRG,8,-0.18333333333333326,10.550002220086753,13.71666666666667,6,0.9979809880924972
DSGYE,9,-1.9,3.550073361489922,14.460000000000003,5,-2.000644507924751
AAPRG,1,-0.58,10.550002220086753,14.460000000000004,5,0.9979809880924972
LMVGGV,1,2.2166666666666663,6.099999998230487,14.75,6,-0.0020157006072527572
GLMVGG,1,1.45,6.099999998230487,14.75,6,-0.0020157006072527572
AGGKER,1,-1.8166666666666667,9.695027685724199,14.75,6,0.9994610769863028
VGGVVI,3,2.716666666666667,6.099999998230487,14.75,6,-0.0020157006072527572
MVGGVV,3,2.283333333333333,6.099999998230487,14.75,6,-0.0020157006072527572
KLTFRE,1,-1.0,9.695027685724199,14.75,6,0.9994610769863028
EDTKEA,4,-2.2166666666666663,3.927550605032593,15.383333333333338,6,-1.9983140048126327
APLVDE,1,0.19999999999999987,3.5500735570676625,15.383333333333338,6,-1.9997940937064382
DTPSLE,2,-1.05,3.5500735570676625,15.383333333333338,6,-1.9997940937064382
GDTPSL,3,-0.5333333333333332,3.7499873605556786,15.383333333333338,6,-1.001569216452248
PVDLSK,5,-0.30000000000000004,6.3373671672306955,15.383333333333338,6,-0.0018642503042520797
LMVGG,13,1.8199999999999996,6.099999998230487,15.7,5,-0.0020157006072527572
VGGVV,39,2.3600000000000003,6.099999998230487,15.7,5,-0.0020157006072527572
MVGGV,13,1.9,6.099999998230487,15.7,5,-0.0020157006072527572
DMVDS,1,-0.33999999999999997,3.49188149953261,16.460000000000004,5,-2.001122732297243
DTPSL,1,-0.5600000000000002,3.7499873605556786,16.460000000000004,5,-1.001569216452248
APLVD,1,0.9399999999999998,3.7499873605556786,16.460000000000004,5,-1.001569216452248
EDTKE,1,-3.02,3.927550605032593,16.460000000000004,5,-1.9983140048126327
IPEGTT,1,-0.39999999999999997,3.849983240943402,18.349999999999998,6,-1.000240577861443
GSNKGA,5,-1.2,9.700002531521022,19.499999999999996,6,0.9976892655407432
GGGKVQ,1,-0.7333333333333333,9.700002531521022,21.16666666666666,6,0.9976892655407432
SNKGA,11,-1.3599999999999999,9.700002531521022,21.399999999999995,5,0.9976892655407432
GNKKI,1,-1.44,10.805379563011229,21.399999999999995,5,1.997394231688739
NKGAI,3,-0.30000000000000016,9.700002531521022,21.399999999999995,5,0.9976892655407432
GAIPLP,2,1.0833333333333337,6.099999998230487,21.483333333333334,6,-0.0020157006072527572
VKSEKL,4,-0.6833333333333335,9.53730092663318,21.483333333333338,6,0.9991693544345488
GEGPEAR,1,-1.7285714285714289,4.258147492539138,22.62857142857143,7,-0.9984687664158831
PEGPREA,1,-1.9,4.258147492539138,22.62857142857143,7,-0.9984687664158831
PEARGP,3,-1.633333333333333,6.410149741452187,23.149999999999995,6,-0.00024388916169293395
GPEARG,3,-1.4333333333333333,6.410149741452187,23.149999999999995,6,-0.00024388916169293395
TKEADLP,1,-1.0857142857142859,4.184407519642264,23.957142857142863,7,-1.0000891275584423
ARGPSLG,2,-0.3,10.550002220086753,23.957142857142863,7,0.9979809880924972
PGTPGSR,1,-1.4285714285714286,10.550002220086753,23.957142857142863,7,0.9979809880924972
KIGSTEN,1,-1.1857142857142857,6.408795645926148,23.957142857142863,7,-0.0005356117134470706
GEGPEA,10,-1.2666666666666668,3.613691325765103,24.733333333333334,6,-1.9984654551156331
PEGPRE,3,-2.5166666666666666,4.258147492539138,24.733333333333334,6,-0.9984687664158831
PGEGPE,6,-1.8333333333333333,3.613691325765103,24.733333333333334,6,-1.9984654551156331
PEARG,2,-1.64,6.410149741452187,25.779999999999994,5,-0.00024388916169293395
PELLK,1,-0.27999999999999997,6.408795645926148,25.779999999999994,5,-0.0005356117134470706
EPKKVA,2,-1.15,9.53730092663318,26.283333333333335,6,0.9991693544345488
SKVSTE,3,-0.9166666666666666,6.408795645926148,26.283333333333335,6,-0.0005356117134470706
PQLKAR,2,-1.3166666666666667,11.651775666512549,26.283333333333335,6,1.9976859542404928
DVTAPL,1,0.6666666666666666,3.7499873605556786,26.283333333333335,6,-1.001569216452248
SSTGSI,5,0.16666666666666666,6.099999998230487,26.283333333333335,6,-0.0020157006072527572
PGAPLL,11,0.9666666666666667,6.099999998230487,26.283333333333335,6,-0.0020157006072527572
VSSVTS,11,0.8833333333333334,6.099999998230487,26.283333333333335,6,-0.0020157006072527572
EARGPS,3,-1.5000000000000002,6.410149741452187,26.283333333333335,6,-0.00024388916169293395
KSEKLD,4,-1.9666666666666668,6.492975460831076,26.283333333333335,6,-0.00038416141044639307
PAEGAI,2,0.4333333333333334,3.849983240943402,26.283333333333335,6,-1.000240577861443
AGLKES,1,-0.5000000000000001,6.408795645926148,26.283333333333335,6,-0.0005356117134470706
REPKKV,2,-2.1999999999999997,10.789009301923215,26.283333333333335,6,1.9991660431342988
KIGSTE,1,-0.7999999999999999,6.408795645926148,26.283333333333335,6,-0.0005356117134470706
SVTSRT,5,-0.5499999999999999,10.550002220086753,26.283333333333335,6,0.9979809880924972
KVVQEG,1,-0.48333333333333334,6.408795645926148,26.283333333333335,6,-0.0005356117134470706
STENLK,2,-1.4333333333333333,6.408795645926148,26.283333333333335,6,-0.0005356117134470706
IKHVPG,1,-0.06666666666666667,9.702001779340208,26.283333333333335,6,1.088598356449834
ARGPSL,3,-0.2833333333333334,10.550002220086753,26.283333333333335,6,0.9979809880924972
TLKNRP,1,-1.7333333333333334,11.651775666512549,26.283333333333335,6,1.9976859542404928
SSGAKE,4,-1.2666666666666666,6.408795645926148,26.283333333333335,6,-0.0005356117134470706
RTGSSG,4,-1.2666666666666668,10.550002220086753,26.283333333333335,6,0.9979809880924972
LKHQPG,1,-1.4666666666666668,9.702001779340208,26.283333333333335,6,1.088598356449834
AEDVTA,2,0.01666666666666668,3.5500735570676625,26.283333333333335,6,-1.9997940937064382
GTPGSR,2,-1.4000000000000001,10.550002220086753,26.283333333333335,6,0.9979809880924972
RAKGQD,3,-2.3333333333333335,9.695024739019573,26.283333333333335,6,0.9981324383954977
PSVGRA,1,-0.21666666666666667,10.550002220086753,26.283333333333335,6,0.9979809880924972
VSSTGS,3,0.11666666666666674,6.099999998230487,26.283333333333335,6,-0.0020157006072527572
EGPPLK,5,-1.2,6.408795645926148,26.283333333333335,6,-0.0005356117134470706
GPSVGR,2,-0.5833333333333333,10.550002220086753,26.283333333333335,6,0.9979809880924972
KEADLP,1,-1.1500000000000004,4.184407519642264,26.283333333333335,6,-1.0000891275584423
AAFPGA,3,1.0333333333333334,6.099999998230487,26.283333333333335,6,-0.0020157006072527572
PPGQKG,6,-1.9000000000000001,9.700002531521022,26.283333333333335,6,0.9976892655407432
GSSGAK,4,-0.75,9.700002531521022,26.283333333333335,6,0.9976892655407432
GKERPG,3,-2.3833333333333333,9.695027685724199,26.283333333333335,6,0.9994610769863028
RGPSLG,4,-0.65,10.550002220086753,26.283333333333335,6,0.9979809880924972
EDHAGT,1,-1.583333333333333,4.181153034325689,26.283333333333335,6,-1.9088850027973474
DGPSVG,1,-0.4166666666666666,3.7499873605556786,26.283333333333335,6,-1.001569216452248
TSRTGS,1,-1.3166666666666667,10.550002220086753,26.283333333333335,6,0.9979809880924972
PEGPR,1,-2.32,6.410149741452187,27.68,5,-0.00024388916169293395
GEGPE,1,-1.8800000000000001,3.613691325765103,27.68,5,-1.9984654551156331
GPSLGE,5,-0.48333333333333334,3.849983240943402,27.86666666666667,6,-1.000240577861443
PDGPSV,2,-0.6166666666666666,3.7499873605556786,27.86666666666667,6,-1.001569216452248
AAQPHT,1,-0.9,7.550323993898928,27.86666666666667,6,0.08889339030183807
APGEGP,9,-0.9500000000000002,3.849983240943402,27.86666666666667,6,-1.000240577861443
PRGAAPP,1,-0.8714285714285713,10.550002220086753,28.571428571428573,7,0.9979809880924972
GGVVIA,2,2.316666666666667,6.099999998230487,28.900000000000002,6,-0.0020157006072527572
PLEFTF,5,0.6,3.849983240943402,28.900000000000002,6,-1.000240577861443
GGSVQI,1,0.6,6.099999998230487,28.900000000000002,6,-0.0020157006072527572
HDSGY,1,-1.8400000000000003,5.292197432834655,29.540000000000003,5,-0.9115105397614699
PGAPL,1,0.39999999999999997,6.099999998230487,29.540000000000003,5,-0.0020157006072527572
TENLK,1,-1.56,6.408795645926148,29.540000000000003,5,-0.0005356117134470706
EDVGS,24,-0.8,3.5500735570676625,29.540000000000003,5,-1.9997940937064382
SSVTS,1,0.22000000000000003,6.099999998230487,29.540000000000003,5,-0.0020157006072527572
TGSSG,1,-0.62,6.099999998230487,29.540000000000003,5,-0.0020157006072527572
RTGSS,1,-1.44,10.550002220086753,29.540000000000003,5,0.9979809880924972
SRTGS,2,-1.44,10.550002220086753,29.540000000000003,5,0.9979809880924972
SEKLD,1,-1.5799999999999998,4.184407519642264,29.540000000000003,5,-1.0000891275584423
SSGAK,2,-0.82,9.700002531521022,29.540000000000003,5,0.9976892655407432
AEDVG,31,-0.27999999999999997,3.5500735570676625,29.540000000000003,5,-1.9997940937064382
LKHQP,2,-1.6800000000000002,9.702001779340208,29.540000000000003,5,1.088598356449834
KSEKL,1,-1.6600000000000001,9.53730092663318,29.540000000000003,5,0.9991693544345488
KVVQE,1,-0.5,6.408795645926148,29.540000000000003,5,-0.0005356117134470706
SSTGS,2,-0.7,6.099999998230487,29.540000000000003,5,-0.0020157006072527572
AFPGA,1,0.8799999999999999,6.099999998230487,29.540000000000003,5,-0.0020157006072527572
GSSGA,1,-0.11999999999999997,6.099999998230487,29.540000000000003,5,-0.0020157006072527572
GPPLK,1,-0.74,9.700002531521022,29.540000000000003,5,0.9976892655407432
RGPSL,1,-0.7,10.550002220086753,29.540000000000003,5,0.9979809880924972
PGAPG,4,-0.44000000000000006,6.099999998230487,29.540000000000003,5,-0.0020157006072527572
DEGAP,1,-1.4400000000000002,3.5500735570676625,29.540000000000003,5,-1.9997940937064382
SGYSS,1,-0.82,6.093198032584041,29.540000000000003,5,-0.0028661148255656466
GAPLL,2,1.48,6.099999998230487,29.540000000000003,5,-0.0020157006072527572
TGPEDT,2,-1.7333333333333332,3.5500735570676625,30.2,6,-1.9997940937064382
PSLGEDT,1,-0.9571428571428572,3.5500735570676625,31.35714285714286,7,-1.9997940937064382
APGEG,3,-0.8200000000000001,3.849983240943402,31.440000000000005,5,-1.000240577861443
AAAPR,2,-0.13999999999999996,10.550002220086753,31.440000000000005,5,0.9979809880924972
GGVVI,17,2.4200000000000004,6.099999998230487,32.68,5,-0.0020157006072527572
LEFTF,1,1.0399999999999998,3.849983240943402,32.68,5,-1.000240577861443
GKQAAA,4,-0.4000000000000001,9.700002531521022,33.65,6,0.9976892655407432
INKKLD,2,-1.0833333333333333,9.537297862581909,33.65,6,0.9978407158437437
NKKLDL,4,-1.2,9.537297862581909,33.65,6,0.9978407158437437
PGKQAA,1,-0.9666666666666668,9.700002531521022,33.65,6,0.9976892655407432
DVGSNK,2,-1.3166666666666667,6.3373671672306955,33.65,6,-0.0018642503042520797
LPVDFL,1,1.5833333333333333,3.7499873605556786,34.91666666666667,6,-1.001569216452248
ATRIPA,5,0.21666666666666667,10.550002220086753,35.63333333333333,6,0.9979809880924972
EVKSEK,2,-1.9000000000000001,6.5307594472542405,35.63333333333333,6,0.000944477180358616
DTEGGR,1,-2.1666666666666665,4.184407676104456,35.949999999999996,6,-0.9997974050066882
SSDPLIQ,1,-0.27142857142857135,3.7499873605556786,36.08571428571429,7,-1.001569216452248
PGPPGLS,7,-0.3714285714285715,6.099999998230487,36.08571428571429,7,-0.0020157006072527572
PQLATLA,1,0.7714285714285715,6.099999998230487,36.08571428571429,7,-0.0020157006072527572
PGGGQV,2,-0.3499999999999999,6.099999998230487,36.9,6,-0.0020157006072527572
GGGQVE,1,-0.6666666666666666,3.849983240943402,36.9,6,-1.000240577861443
EGPEAR,2,-1.95,4.258147492539138,37.3,6,-0.9984687664158831
KEEVDE,1,-2.283333333333333,3.778239151928574,37.61666666666667,6,-2.996538882066823
SKEEVD,3,-1.8333333333333333,3.927550605032593,37.61666666666667,6,-1.9983140048126324
VGSNK,15,-0.8800000000000001,9.700002531521022,38.379999999999995,5,0.9976892655407432
GSNKG,13,-1.8,9.700002531521022,38.379999999999995,5,0.9976892655407432
GKQAA,1,-0.8400000000000001,9.700002531521022,38.379999999999995,5,0.9976892655407432
SKCGSKDNIKHV,1,-1.0583333333333333,9.582614124752581,38.70833333333333,12,2.0264800569754726
QPSGTGP,1,-1.2857142857142858,6.099999998230487,39.34285714285714,7,-0.0020157006072527572
