Reference_sequence_segment,total_matching,hydrophobicity,isoelectic_point,instability,length,charge
VTSKCGS,1,0.014285714285714315,8.545189979486167,-3.5571428571428574,7,0.9357145496153849
GSLDNI,1,0.016666666666666607,3.7499873605556786,81.56666666666666,6,-1.001569216452248
AEDVTA,2,0.01666666666666668,3.5500735570676625,26.283333333333335,6,-1.9997940937064382
DLSNV,1,0.040000000000000036,3.7499873605556786,8.0,5,-1.001569216452248
QTAPV,1,0.040000000000000036,6.099999998230487,85.04,5,-0.0020157006072527572
QPAAA,2,0.06000000000000005,6.099999998230487,85.04,5,-0.0020157006072527572
AAAQP,1,0.06000000000000005,6.099999998230487,46.52,5,-0.0020157006072527572
SKCGSL,1,0.06666666666666658,8.545189979486167,8.333333333333334,6,0.9357145496153849
APELLK,5,0.06666666666666665,6.408795645926148,55.25,6,-0.0005356117134470706
FFAED,5,0.07999999999999989,3.5500735570676625,46.52,5,-1.9997940937064382
SGMPGA,2,0.0833333333333333,6.099999998230487,67.41666666666666,6,-0.0020157006072527572
LKGAGG,2,0.0833333333333333,9.700002531521022,-13.549999999999997,6,0.9976892655407432
LLPEGP,5,0.08333333333333333,3.849983240943402,69.39999999999999,6,-1.000240577861443
PLLPEG,3,0.08333333333333338,3.849983240943402,69.39999999999999,6,-1.000240577861443
FPGAPG,10,0.09999999999999992,6.099999998230487,58.38333333333333,6,-0.0020157006072527572
VPGGGS,5,0.10000000000000005,6.099999998230487,81.56666666666666,6,-0.0020157006072527572
PGGGSV,5,0.10000000000000009,6.099999998230487,49.46666666666667,6,-0.0020157006072527572
AEEAGI,3,0.11666666666666663,3.613691325765103,48.51666666666667,6,-1.9984654551156331
EAAGHV,1,0.1166666666666667,5.363507221918553,8.333333333333334,6,-0.909331486952352
VSSTGS,3,0.11666666666666674,6.099999998230487,26.283333333333335,6,-0.0020157006072527572
LDNIT,1,0.11999999999999997,3.7499873605556786,95.88,5,-1.001569216452248
LVDEG,1,0.12,3.5500735570676625,-22.06,5,-1.9997940937064382
GPSLG,1,0.12,6.099999998230487,46.52,5,-0.0020157006072527572
LKHQLL,1,0.13333333333333316,9.702001779340208,-5.816666666666667,6,1.088598356449834
PLIQPS,1,0.1333333333333332,6.099999998230487,72.53333333333335,6,-0.0020157006072527572
LLKHQL,2,0.13333333333333322,9.702001779340208,-5.816666666666667,6,1.088598356449834
VPQLKA,1,0.13333333333333333,9.700002531521022,58.38333333333333,6,0.9976892655407432
PVDFLSK,1,0.1428571428571428,6.3373671672306955,3.8428571428571456,7,-0.0018642503042520797
VTSKCG,1,0.15000000000000005,8.545189979486167,-5.816666666666667,6,0.9357145496153849
TGSIDM,1,0.1666666666666666,3.7499873605556786,-5.816666666666667,6,-1.001569216452248
SSTGSI,5,0.16666666666666666,6.099999998230487,26.283333333333335,6,-0.0020157006072527572
DEVSASL,1,0.17142857142857146,3.5500735570676625,8.571428571428571,7,-1.9997940937064382
PLLPE,2,0.18000000000000008,3.849983240943402,81.28,5,-1.000240577861443
IVYKSP,1,0.1833333333333332,9.298300650902092,54.849999999999994,6,0.9968388513224302
TLADEVS,1,0.18571428571428567,3.5500735570676625,-3.5571428571428574,7,-1.9997940937064382
SPVVSGD,1,0.1857142857142857,3.7499873605556786,98.85714285714286,7,-1.001569216452248
PSSPAV,9,0.19999999999999987,6.099999998230487,177.86666666666667,6,-0.0020157006072527572
APLVDE,1,0.19999999999999987,3.5500735570676625,15.383333333333338,6,-1.9997940937064382
FPGAP,1,0.1999999999999999,6.099999998230487,68.06,5,-0.0020157006072527572
PGFPA,1,0.19999999999999996,6.099999998230487,85.04,5,-0.0020157006072527572
GQVEV,1,0.2000000000000001,3.849983240943402,-7.08,5,-1.000240577861443
KSPVVS,2,0.2166666666666666,9.700002531521022,113.66666666666667,6,0.9976892655407432
ATRIPA,5,0.21666666666666667,10.550002220086753,35.63333333333333,6,0.9979809880924972
SSVTS,1,0.22000000000000003,6.099999998230487,29.540000000000003,5,-0.0020157006072527572
GAPLLPEG,1,0.23749999999999993,3.849983240943402,68.01249999999999,8,-1.000240577861443
KCGSL,1,0.24000000000000005,8.545189979486167,8.0,5,0.9357145496153849
PLPVD,1,0.25999999999999995,3.7499873605556786,54.980000000000004,5,-1.001569216452248
LAKQGL,3,0.2666666666666666,9.700002531521022,47.800000000000004,6,0.9976892655407432
KYVSSV,1,0.26666666666666666,9.298300650902092,40.43333333333334,6,0.9968388513224302
SSDPLI,2,0.2666666666666668,3.7499873605556786,40.43333333333334,6,-1.001569216452248
LSKVST,1,0.3,9.700002531521022,-5.816666666666667,6,0.9976892655407432
PVSRV,1,0.3,10.550002220086753,85.04,5,0.9979809880924972
VSRVP,1,0.3000000000000001,10.550002220086753,85.04,5,0.9979809880924972
LSKVTS,3,0.3000000000000001,9.700002531521022,-19.96666666666667,6,0.9976892655407432
SASLAK,2,0.31666666666666665,9.700002531521022,8.333333333333334,6,0.9976892655407432
GAPLLPE,3,0.3285714285714284,3.849983240943402,76.29999999999998,7,-1.000240577861443
APLLPEG,2,0.32857142857142846,3.849983240943402,88.42857142857143,7,-1.000240577861443
LADEVS,3,0.3333333333333333,3.5500735570676625,-5.816666666666667,6,-1.9997940937064382
PVDLSKV,4,0.34285714285714286,6.3373671672306955,2.4857142857142884,7,-0.0018642503042520797
TLADEV,3,0.3499999999999999,3.5500735570676625,-5.816666666666667,6,-1.9997940937064382
LSNVSS,9,0.3500000000000001,6.099999998230487,40.43333333333334,6,-0.0020157006072527572
PVVSGD,1,0.3500000000000001,3.7499873605556786,40.43333333333334,6,-1.001569216452248
FAEDV,5,0.36,3.5500735570676625,46.52,5,-1.9997940937064382
VQIINK,2,0.38333333333333325,9.700002531521022,47.800000000000004,6,0.9976892655407432
KVQIIN,1,0.38333333333333347,9.700002531521022,-5.816666666666667,6,0.9976892655407432
SPQLATL,2,0.3999999999999999,6.099999998230487,98.85714285714286,7,-0.0020157006072527572
SKIGSL,3,0.3999999999999999,9.700002531521022,-5.816666666666667,6,0.9976892655407432
PGAPL,1,0.39999999999999997,6.099999998230487,29.540000000000003,5,-0.0020157006072527572
EAGIG,1,0.4,3.849983240943402,-8.98,5,-1.000240577861443
TAPVP,2,0.42000000000000004,6.099999998230487,123.55999999999999,5,-0.0020157006072527572
VDFLSK,1,0.43333333333333335,6.3373671672306955,-29.28333333333333,6,-0.0018642503042520797
PAEGAI,2,0.4333333333333334,3.849983240943402,26.283333333333335,6,-1.000240577861443
PAAAP,6,0.43999999999999995,6.099999998230487,85.04,5,-0.0020157006072527572
GGGSV,1,0.44000000000000006,6.099999998230487,57.36,5,-0.0020157006072527572
APLLPE,4,0.4499999999999999,3.849983240943402,101.5,6,-1.000240577861443
AFPGAP,1,0.46666666666666656,6.099999998230487,58.38333333333333,6,-0.0020157006072527572
AGTYGL,2,0.4666666666666666,6.093198032584041,-19.96666666666667,6,-0.0028661148255656466
SDPLI,1,0.47999999999999987,3.7499873605556786,8.0,5,-1.001569216452248
KKVAV,1,0.4800000000000001,10.805379563011229,-8.98,5,1.997394231688739
QLMSGM,2,0.4833333333333332,6.099999998230487,81.56666666666666,6,-0.0020157006072527572
VTSKCGSL,1,0.48749999999999993,8.545189979486167,-1.8625000000000003,8,0.9357145496153849
LGRAA,1,0.5,10.550002220086753,8.0,5,0.9979809880924972
VVSGDT,3,0.5,3.7499873605556786,-16.716666666666665,6,-1.001569216452248
LATLADE,1,0.5,3.5500735570676625,-3.5571428571428574,7,-1.9997940937064382
LSKVS,2,0.5,9.700002531521022,-8.98,5,0.9976892655407432
APVPMP,1,0.5166666666666667,6.099999998230487,165.3,6,-0.0020157006072527572
LSKVT,1,0.5200000000000001,9.700002531521022,-25.96,5,0.9976892655407432
GSLGNI,2,0.5333333333333333,6.099999998230487,67.41666666666666,6,-0.0020157006072527572
LKARMV,1,0.55,11.651775666512549,-5.816666666666667,6,1.9976859542404928
SSPAV,4,0.5599999999999999,6.099999998230487,172.92000000000002,5,-0.0020157006072527572
VQEGFL,1,0.5666666666666667,3.849983240943402,40.43333333333334,6,-1.000240577861443
HGAEIV,1,0.5666666666666668,5.363507221918553,-5.149999999999997,6,-0.909331486952352
SPQLATLA,1,0.5749999999999998,6.099999998230487,87.75,8,-0.0020157006072527572
LSNVS,3,0.5800000000000001,6.099999998230487,8.0,5,-0.0020157006072527572
PGAPLLP,3,0.5999999999999999,6.099999998230487,51.471428571428575,7,-0.0020157006072527572
GGSVQI,1,0.6,6.099999998230487,28.900000000000002,6,-0.0020157006072527572
PQLATL,5,0.6,6.099999998230487,40.43333333333334,6,-0.0020157006072527572
PLEFTF,5,0.6,3.849983240943402,28.900000000000002,6,-1.000240577861443
MPGAPL,2,0.6499999999999999,6.099999998230487,99.51666666666665,6,-0.0020157006072527572
APLEF,1,0.6599999999999999,3.849983240943402,46.52,5,-1.000240577861443
SGKVV,1,0.6600000000000001,9.700002531521022,-25.96,5,0.9976892655407432
VDLSKV,5,0.6666666666666666,6.3373671672306955,-30.866666666666664,6,-0.0018642503042520797
LDLSNV,4,0.6666666666666666,3.7499873605556786,8.333333333333334,6,-1.001569216452248
DVTAPL,1,0.6666666666666666,3.7499873605556786,26.283333333333335,6,-1.001569216452248
QLLGDL,5,0.6666666666666666,3.7499873605556786,8.333333333333334,6,-1.001569216452248
QKLVF,7,0.6799999999999999,9.700002531521022,-8.98,5,0.9976892655407432
LLGDLH,2,0.7166666666666665,5.292257586028427,8.333333333333334,6,-0.910660125543157
SLGNI,2,0.72,6.099999998230487,78.89999999999999,5,-0.0020157006072527572
VVSGD,2,0.74,3.7499873605556786,8.0,5,-1.001569216452248
SPAVCP,3,0.75,5.922539790626615,145.76666666666668,6,-0.06399041653261084
PQLATLA,1,0.7714285714285715,6.099999998230487,36.08571428571429,7,-0.0020157006072527572
EVSASL,5,0.7833333333333333,3.849983240943402,8.333333333333334,6,-1.000240577861443
SPVVSG,4,0.7999999999999999,6.099999998230487,113.66666666666667,6,-0.0020157006072527572
PVDFLS,1,0.8166666666666665,3.7499873605556786,2.81666666666667,6,-1.001569216452248
APELL,2,0.86,3.849983240943402,81.28,5,-1.000240577861443
AFPGA,1,0.8799999999999999,6.099999998230487,29.540000000000003,5,-0.0020157006072527572
LGRAAF,3,0.8833333333333333,10.550002220086753,8.333333333333334,6,0.9979809880924972
FLSKVS,4,0.8833333333333333,9.700002531521022,-5.816666666666667,6,0.9976892655407432
VSSVTS,11,0.8833333333333334,6.099999998230487,26.283333333333335,6,-0.0020157006072527572
IPGFPA,1,0.9166666666666666,6.099999998230487,67.73333333333333,6,-0.0020157006072527572
CGSLG,1,0.9399999999999998,5.922539790626615,8.0,5,-0.06399041653261084
APLVD,1,0.9399999999999998,3.7499873605556786,16.460000000000004,5,-1.001569216452248
FHVEI,1,0.96,5.363507221918553,46.52,5,-0.909331486952352
GAPLLP,11,0.9666666666666665,6.099999998230487,58.38333333333333,6,-0.0020157006072527572
PGAPLL,11,0.9666666666666667,6.099999998230487,26.283333333333335,6,-0.0020157006072527572
GSIDMV,1,0.9833333333333334,3.7499873605556786,8.333333333333334,6,-1.001569216452248
KVAVVR,1,1.0,11.651775666512549,-5.816666666666667,6,1.9976859542404928
IVYKPV,2,1.0166666666666666,9.298300650902092,1.1500000000000021,6,0.9968388513224302
KGAIIG,1,1.0166666666666666,9.700002531521022,-19.96666666666667,6,0.9976892655407432
AAFPGA,3,1.0333333333333334,6.099999998230487,26.283333333333335,6,-0.0020157006072527572
LEFTF,1,1.0399999999999998,3.849983240943402,32.68,5,-1.000240577861443
SPVVS,2,1.04,6.099999998230487,134.4,5,-0.0020157006072527572
GAIPLP,2,1.0833333333333337,6.099999998230487,21.483333333333334,6,-0.0020157006072527572
MPGAPLL,1,1.0999999999999999,6.099999998230487,86.72857142857141,7,-0.0020157006072527572
KKVAVV,5,1.1,10.805379563011229,-5.816666666666667,6,1.997394231688739
PVVSG,1,1.12,6.099999998230487,46.52,5,-0.0020157006072527572
SASLA,2,1.16,6.099999998230487,8.0,5,-0.0020157006072527572
QLATLA,4,1.1666666666666665,6.099999998230487,8.333333333333334,6,-0.0020157006072527572
LATLAD,3,1.1666666666666667,3.7499873605556786,-5.816666666666667,6,-1.001569216452248
SPAVC,1,1.22,5.922539790626615,134.4,5,-0.06399041653261084
APLLP,2,1.2399999999999998,6.099999998230487,85.04,5,-0.0020157006072527572
KGAII,8,1.3,9.700002531521022,-25.96,5,0.9976892655407432
GSVQIV,1,1.3666666666666665,6.099999998230487,-5.816666666666667,6,-0.0020157006072527572
GLMVGG,1,1.45,6.099999998230487,14.75,6,-0.0020157006072527572
GAPLL,2,1.48,6.099999998230487,29.540000000000003,5,-0.0020157006072527572
LLGDL,3,1.4999999999999998,3.7499873605556786,8.0,5,-1.001569216452248
TAPLV,1,1.5,6.099999998230487,46.52,5,-0.0020157006072527572
LPVDFL,1,1.5833333333333333,3.7499873605556786,34.91666666666667,6,-1.001569216452248
VFFAE,10,1.6200000000000003,3.849983240943402,8.0,5,-1.000240577861443
VSASLA,4,1.6666666666666667,6.099999998230487,8.333333333333334,6,-0.0020157006072527572
LMVGG,13,1.8199999999999996,6.099999998230487,15.7,5,-0.0020157006072527572
GLMVG,10,1.8199999999999998,6.099999998230487,-8.98,5,-0.0020157006072527572
MVGGV,13,1.9,6.099999998230487,15.7,5,-0.0020157006072527572
KLVFF,11,1.94,9.700002531521022,-8.98,5,0.9976892655407432
VAVVR,1,1.9799999999999998,10.550002220086753,8.0,5,0.9979809880924972
LVFFAE,3,1.9833333333333336,3.849983240943402,8.333333333333334,6,-1.000240577861443
GAIIG,23,2.0,6.099999998230487,-8.98,5,-0.0020157006072527572
LATLA,2,2.1,6.099999998230487,8.0,5,-0.0020157006072527572
KVAVV,1,2.1,9.700002531521022,-8.98,5,0.9976892655407432
LMVGGV,1,2.2166666666666663,6.099999998230487,14.75,6,-0.0020157006072527572
IGLMVG,1,2.2666666666666666,6.099999998230487,-5.816666666666667,6,-0.0020157006072527572
MVGGVV,3,2.283333333333333,6.099999998230487,14.75,6,-0.0020157006072527572
GGVVIA,2,2.316666666666667,6.099999998230487,28.900000000000002,6,-0.0020157006072527572
VGGVV,39,2.3600000000000003,6.099999998230487,15.7,5,-0.0020157006072527572
GGVVI,17,2.4200000000000004,6.099999998230487,32.68,5,-0.0020157006072527572
AIIGLM,1,2.683333333333333,6.099999998230487,8.333333333333334,6,-0.0020157006072527572
VGGVVI,3,2.716666666666667,6.099999998230487,14.75,6,-0.0020157006072527572
IGLMV,6,2.8,6.099999998230487,8.0,5,-0.0020157006072527572
AIIGL,28,2.84,6.099999998230487,8.0,5,-0.0020157006072527572
IIGLM,5,2.86,6.099999998230487,8.0,5,-0.0020157006072527572
GVVIA,21,2.8600000000000003,6.099999998230487,8.0,5,-0.0020157006072527572
LVFFA,20,3.0800000000000005,6.099999998230487,8.0,5,-0.0020157006072527572
